Power;Temp
165,1;10,6
151,6;10,6
146,9;10,6
153,7;10,6
153,8;10,6
159,0;10,6
157,7;10,6
163,2;10,6
151,7;10,0
148,7;10,0
155,1;10,0
161,5;10,0
161,5;10,0
162,0;10,0
166,0;10,0
159,0;10,0
158,6;10,0
152,1;10,0
162,0;10,0
164,4;10,0
163,6;9,4
168,8;9,4
163,7;9,4
156,2;9,4
168,4;10,0
165,1;10,0
172,5;10,0
177,3;10,0
266,2;10,0
255,6;10,0
257,3;10,0
255,0;10,0
267,3;10,6
260,8;10,6
260,4;10,6
258,2;10,6
258,4;11,7
259,4;11,7
261,9;11,7
264,1;11,7
274,2;13,3
267,1;13,3
271,1;13,3
275,7;13,3
268,4;13,9
272,3;13,9
269,2;13,9
274,1;13,9
279,2;13,3
276,1;13,3
275,5;13,3
277,9;13,3
277,1;15,0
282,1;15,0
277,4;15,0
275,6;15,0
275,8;16,7
278,4;16,7
278,8;16,7
274,2;16,7
281,4;16,1
281,8;16,1
277,4;16,1
297,6;16,1
324,1;15,6
316,5;15,6
317,4;15,6
318,3;15,6
313,0;14,4
333,4;14,4
348,3;14,4
311,2;14,4
343,5;14,4
349,6;14,4
311,6;14,4
329,3;14,4
347,1;13,3
310,0;13,3
331,6;13,3
313,7;13,3
288,9;13,3
327,4;13,3
299,1;13,3
288,0;13,3
314,1;12,8
308,8;12,8
286,8;12,8
288,2;12,8
199,1;13,3
197,0;13,3
165,2;13,3
163,1;13,3
154,4;10,6
152,2;10,6
158,7;10,6
163,8;10,6
158,7;10,0
152,3;10,0
155,2;10,0
155,9;10,0
152,1;10,0
154,1;10,0
155,9;10,0
156,8;10,0
153,9;9,4
152,2;9,4
165,6;9,4
168,8;9,4
160,5;8,9
160,6;8,9
161,1;8,9
160,7;8,9
157,0;10,0
161,7;10,0
158,4;10,0
165,8;10,0
166,4;10,6
168,0;10,6
159,5;10,6
164,2;10,6
170,3;10,0
178,8;10,0
181,5;10,0
182,4;10,0
270,9;11,1
269,4;11,1
273,1;11,1
268,3;11,1
277,7;11,7
269,8;11,7
268,0;11,7
258,3;11,7
260,7;12,2
257,2;12,2
256,3;12,2
255,0;12,2
270,9;13,3
269,6;13,3
307,6;13,3
283,5;13,3
266,1;13,9
295,9;13,9
278,5;13,9
269,5;13,9
297,5;13,3
294,4;13,3
300,7;13,3
287,5;13,3
288,4;13,3
288,4;13,3
283,9;13,3
310,4;13,3
285,3;13,3
288,9;13,3
277,1;13,3
280,3;13,3
271,8;13,3
301,8;13,3
282,2;13,3
285,0;13,3
326,2;12,2
311,7;12,2
313,4;12,2
305,0;12,2
300,7;12,8
303,2;12,8
299,8;12,8
307,7;12,8
315,8;12,2
304,1;12,2
305,6;12,2
290,9;12,2
289,4;11,7
285,2;11,7
276,6;11,7
282,0;11,7
291,6;9,4
286,9;9,4
290,1;9,4
285,1;9,4
285,7;8,9
286,6;8,9
281,9;8,9
281,3;8,9
190,3;8,9
194,8;8,9
163,7;8,9
159,3;8,9
158,4;7,8
152,9;7,8
159,6;7,8
161,6;7,8
159,9;7,2
149,8;7,2
148,7;7,2
153,2;7,2
150,6;6,7
151,6;6,7
160,6;6,7
165,7;6,7
154,9;6,1
149,0;6,1
163,5;6,1
161,2;6,1
158,6;5,6
154,9;5,6
162,0;5,6
162,7;5,6
160,3;5,0
162,3;5,0
168,3;5,0
165,3;5,0
166,8;5,0
166,7;5,0
172,6;5,0
171,1;5,0
175,5;3,9
185,4;3,9
188,8;3,9
186,6;3,9
267,0;3,9
267,3;3,9
262,6;3,9
258,2;3,9
262,0;6,1
259,4;6,1
256,6;6,1
258,2;6,1
262,8;7,8
264,7;7,8
262,9;7,8
263,8;7,8
270,7;11,7
264,2;11,7
269,3;11,7
265,9;11,7
265,7;11,7
261,7;11,7
270,9;11,7
280,0;11,7
281,0;13,3
278,9;13,3
276,5;13,3
276,0;13,3
273,1;13,9
270,2;13,9
276,3;13,9
265,0;13,9
266,2;14,4
267,3;14,4
275,4;14,4
273,0;14,4
273,0;13,9
272,5;13,9
266,3;13,9
284,0;13,9
315,0;11,7
313,9;11,7
314,4;11,7
312,9;11,7
310,0;10,6
310,1;10,6
310,1;10,6
317,6;10,6
312,9;10,6
308,0;10,6
306,9;10,6
305,5;10,6
297,2;9,4
293,6;9,4
300,0;9,4
292,8;9,4
288,1;8,9
285,8;8,9
286,9;8,9
283,8;8,9
193,6;8,9
191,7;8,9
158,9;8,9
169,1;8,9
161,4;8,9
166,9;8,9
165,0;8,9
164,1;8,9
168,5;8,3
155,4;8,3
166,7;8,3
161,3;8,3
163,1;8,3
152,5;8,3
147,0;8,3
154,6;8,3
161,0;7,8
158,9;7,8
159,3;7,8
165,4;7,8
160,9;6,7
151,5;6,7
157,2;6,7
166,1;6,7
161,9;6,7
161,4;6,7
167,9;6,7
162,2;6,7
166,7;6,7
163,5;6,7
164,0;6,7
170,2;6,7
166,3;7,2
177,2;7,2
174,5;7,2
168,1;7,2
189,4;7,2
188,9;7,2
176,8;7,2
181,7;7,2
268,0;6,7
261,1;6,7
258,5;6,7
261,7;6,7
264,2;7,8
258,3;7,8
266,4;7,8
267,4;7,8
265,7;8,3
265,2;8,3
264,2;8,3
266,3;8,3
262,8;8,3
262,4;8,3
265,5;8,3
270,7;8,3
261,6;10,0
272,9;10,0
275,8;10,0
271,0;10,0
276,3;11,1
274,0;11,1
276,1;11,1
278,1;11,1
274,5;12,2
276,6;12,2
271,6;12,2
271,9;12,2
272,8;13,3
271,0;13,3
271,9;13,3
277,7;13,3
267,8;13,9
266,1;13,9
269,5;13,9
279,1;13,9
312,1;12,2
314,1;12,2
309,7;12,2
310,2;12,2
302,1;10,6
301,4;10,6
304,5;10,6
305,6;10,6
312,9;9,4
306,0;9,4
308,3;9,4
305,1;9,4
296,7;9,4
299,9;9,4
298,2;9,4
300,2;9,4
300,4;8,9
283,8;8,9
277,6;8,9
286,2;8,9
288,7;8,3
293,2;8,3
288,2;8,3
286,5;8,3
191,9;6,7
198,2;6,7
170,3;6,7
162,5;6,7
160,2;6,7
146,1;6,7
159,8;6,7
165,4;6,7
154,7;6,1
156,3;6,1
154,1;6,1
160,8;6,1
157,0;5,6
155,9;5,6
161,3;5,6
161,0;5,6
153,8;5,6
143,3;5,6
154,8;5,6
163,6;5,6
161,8;5,0
160,7;5,0
160,6;5,0
157,2;5,0
154,1;4,4
162,3;4,4
161,4;4,4
156,6;4,4
161,7;5,0
164,4;5,0
178,8;5,0
184,2;5,0
178,9;5,6
184,6;5,6
174,9;5,6
180,3;5,6
272,6;6,7
263,5;6,7
257,3;6,7
262,8;6,7
269,4;8,9
266,7;8,9
262,9;8,9
265,7;8,9
263,7;10,0
269,7;10,0
265,9;10,0
274,2;10,0
273,6;10,6
268,6;10,6
268,4;10,6
265,5;10,6
269,2;11,7
271,1;11,7
273,5;11,7
277,8;11,7
270,9;13,9
273,0;13,9
269,8;13,9
274,5;13,9
267,4;14,4
273,3;14,4
264,5;14,4
265,5;14,4
267,1;13,3
272,7;13,3
268,4;13,3
271,0;13,3
268,6;14,4
266,1;14,4
270,9;14,4
279,3;14,4
312,1;11,1
308,1;11,1
305,1;11,1
302,3;11,1
305,0;10,6
305,9;10,6
298,4;10,6
304,0;10,6
309,3;10,6
302,2;10,6
302,2;10,6
311,6;10,6
308,7;10,6
305,6;10,6
303,5;10,6
303,0;10,6
300,4;10,0
299,3;10,0
299,8;10,0
287,9;10,0
288,7;9,4
291,7;9,4
290,3;9,4
288,6;9,4
193,7;8,3
198,5;8,3
167,3;8,3
162,3;8,3
160,2;8,3
148,8;8,3
154,0;8,3
164,0;8,3
168,6;7,2
153,6;7,2
148,7;7,2
159,4;7,2
151,4;7,2
155,0;7,2
154,7;7,2
158,6;7,2
156,2;6,7
149,8;6,7
155,3;6,7
159,4;6,7
160,1;5,6
155,2;5,6
161,5;5,6
159,8;5,6
157,4;6,1
161,1;6,1
162,0;6,1
160,0;6,1
163,4;6,1
166,2;6,1
170,5;6,1
175,0;6,1
184,7;6,7
198,3;6,7
181,2;6,7
192,8;6,7
274,0;6,7
269,9;6,7
258,8;6,7
261,8;6,7
268,8;8,3
264,5;8,3
268,5;8,3
266,6;8,3
261,6;10,0
269,2;10,0
256,9;10,0
260,2;10,0
269,4;11,1
269,5;11,1
267,9;11,1
266,6;11,1
272,3;11,7
271,9;11,7
265,1;11,7
257,4;11,7
260,7;13,3
261,0;13,3
265,4;13,3
274,3;13,3
273,9;15,6
265,8;15,6
269,7;15,6
264,4;15,6
271,3;13,3
267,3;13,3
258,4;13,3
265,7;13,3
272,1;12,2
268,7;12,2
266,7;12,2
272,3;12,2
308,3;11,7
310,2;11,7
308,3;11,7
310,1;11,7
309,3;11,7
303,7;11,7
303,0;11,7
304,4;11,7
313,9;10,0
307,8;10,0
310,6;10,0
301,8;10,0
308,0;10,0
304,7;10,0
305,8;10,0
309,5;10,0
305,5;10,0
303,7;10,0
302,5;10,0
293,2;10,0
284,6;9,4
286,5;9,4
283,0;9,4
283,2;9,4
187,2;8,9
194,6;8,9
156,2;8,9
161,1;8,9
155,5;7,8
155,0;7,8
153,2;7,8
159,6;7,8
164,4;7,8
151,6;7,8
143,0;7,8
147,9;7,8
155,2;6,7
157,7;6,7
152,9;6,7
158,5;6,7
146,4;6,7
145,2;6,7
156,3;6,7
154,7;6,7
159,3;6,7
159,2;6,7
160,4;6,7
157,6;6,7
153,8;6,1
152,7;6,1
158,6;6,1
155,5;6,1
153,8;6,1
163,4;6,1
168,4;6,1
168,0;6,1
184,1;6,1
193,5;6,1
172,9;6,1
182,9;6,1
275,5;6,7
265,7;6,7
259,1;6,7
262,5;6,7
265,5;8,3
258,0;8,3
261,1;8,3
268,9;8,3
259,0;9,4
256,4;9,4
264,4;9,4
268,2;9,4
275,9;11,1
270,9;11,1
268,6;11,1
264,5;11,1
263,5;12,2
270,2;12,2
269,6;12,2
274,1;12,2
274,3;12,2
270,8;12,2
274,5;12,2
274,9;12,2
273,7;13,3
276,2;13,3
266,0;13,3
270,8;13,3
270,8;12,2
265,7;12,2
270,9;12,2
266,7;12,2
271,3;11,1
268,3;11,1
267,3;11,1
276,5;11,1
311,1;11,7
310,5;11,7
313,6;11,7
308,9;11,7
308,5;10,6
308,1;10,6
304,5;10,6
302,4;10,6
309,7;10,0
306,4;10,0
303,1;10,0
301,2;10,0
305,8;10,0
300,5;10,0
298,1;10,0
304,0;10,0
302,7;10,0
299,0;10,0
301,2;10,0
302,5;10,0
287,9;9,4
286,4;9,4
284,6;9,4
287,1;9,4
194,4;8,3
202,0;8,3
167,0;8,3
164,6;8,3
161,4;7,8
156,2;7,8
162,8;7,8
161,8;7,8
166,0;8,9
153,5;8,9
157,0;8,9
162,6;8,9
159,1;7,2
167,3;7,2
161,6;7,2
162,3;7,2
155,0;8,3
152,0;8,3
161,7;8,3
160,3;8,3
155,9;7,8
160,3;7,8
161,3;7,8
159,1;7,8
164,8;8,3
167,0;8,3
170,9;8,3
170,4;8,3
173,8;8,9
178,8;8,9
172,0;8,9
168,1;8,9
177,1;8,3
180,6;8,3
185,5;8,3
172,6;8,3
258,1;8,3
267,0;8,3
265,9;8,3
262,4;8,3
269,3;10,0
264,2;10,0
263,1;10,0
265,0;10,0
259,6;10,0
262,9;10,0
270,5;10,0
267,2;10,0
268,9;10,6
266,7;10,6
268,5;10,6
271,7;10,6
271,5;11,1
274,8;11,1
272,3;11,1
269,7;11,1
271,3;11,1
270,6;11,1
274,4;11,1
275,5;11,1
269,6;14,4
266,4;14,4
264,2;14,4
266,6;14,4
270,1;12,8
270,1;12,8
274,5;12,8
275,4;12,8
271,3;12,8
271,8;12,8
271,1;12,8
280,2;12,8
319,5;10,6
317,1;10,6
317,7;10,6
311,3;10,6
306,1;9,4
307,3;9,4
308,4;9,4
308,9;9,4
313,0;9,4
307,2;9,4
305,2;9,4
304,9;9,4
306,3;9,4
301,1;9,4
298,9;9,4
299,9;9,4
296,6;8,9
295,4;8,9
303,8;8,9
299,3;8,9
282,4;7,8
283,3;7,8
279,9;7,8
285,1;7,8
191,7;7,8
190,5;7,8
157,8;7,8
157,6;7,8
159,3;7,8
144,0;7,8
157,1;7,8
157,5;7,8
162,7;7,2
149,7;7,2
146,9;7,2
160,3;7,2
153,2;7,2
156,7;7,2
154,7;7,2
154,7;7,2
151,9;7,2
144,3;7,2
151,7;7,2
156,7;7,2
150,6;7,2
154,9;7,2
150,0;7,2
153,6;7,2
151,5;7,2
158,5;7,2
161,5;7,2
153,4;7,2
158,8;7,2
154,9;7,2
160,9;7,2
164,0;7,2
184,9;7,2
188,1;7,2
173,3;7,2
172,4;7,2
268,0;6,7
263,1;6,7
260,0;6,7
260,0;6,7
260,8;7,2
255,7;7,2
264,3;7,2
267,3;7,2
261,0;8,3
260,9;8,3
261,7;8,3
265,1;8,3
267,2;9,4
261,0;9,4
269,9;9,4
263,8;9,4
268,2;10,6
269,3;10,6
269,3;10,6
266,6;10,6
263,9;10,6
264,2;10,6
270,4;10,6
270,2;10,6
262,8;10,0
263,3;10,0
270,3;10,0
272,2;10,0
270,4;12,2
267,1;12,2
275,2;12,2
270,5;12,2
273,3;12,8
266,6;12,8
261,7;12,8
266,5;12,8
310,3;12,2
306,8;12,2
307,1;12,2
316,8;12,2
310,0;10,0
306,0;10,0
307,1;10,0
308,4;10,0
309,3;9,4
307,2;9,4
306,4;9,4
308,5;9,4
304,3;9,4
301,2;9,4
300,0;9,4
303,5;9,4
304,6;8,3
292,1;8,3
283,4;8,3
284,1;8,3
281,0;7,2
284,8;7,2
287,8;7,2
293,5;7,2
196,9;6,7
193,8;6,7
168,3;6,7
164,3;6,7
160,6;6,7
152,8;6,7
152,6;6,7
160,8;6,7
154,4;5,6
155,4;5,6
151,9;5,6
149,4;5,6
145,5;5,0
146,3;5,0
148,8;5,0
147,8;5,0
148,4;5,6
153,5;5,6
149,3;5,6
147,0;5,6
156,0;5,0
157,7;5,0
159,7;5,0
153,0;5,0
153,2;4,4
155,5;4,4
161,0;4,4
160,6;4,4
158,5;5,0
167,0;5,0
161,2;5,0
162,6;5,0
175,0;6,1
193,2;6,1
180,5;6,1
180,2;6,1
261,1;6,1
256,5;6,1
256,6;6,1
254,6;6,1
258,2;6,1
257,3;6,1
261,4;6,1
254,6;6,1
252,1;6,7
260,3;6,7
264,1;6,7
265,1;6,7
271,1;7,8
267,5;7,8
261,3;7,8
268,3;7,8
260,2;10,0
267,4;10,0
270,7;10,0
265,2;10,0
269,5;11,7
268,9;11,7
269,4;11,7
270,8;11,7
270,0;11,7
273,4;11,7
271,3;11,7
268,0;11,7
276,4;12,8
273,4;12,8
270,2;12,8
273,3;12,8
266,8;12,8
270,1;12,8
272,0;12,8
272,0;12,8
310,5;11,1
314,4;11,1
314,0;11,1
312,9;11,1
300,6;11,1
307,2;11,1
303,8;11,1
307,5;11,1
313,8;10,0
306,3;10,0
298,1;10,0
302,4;10,0
304,1;9,4
306,9;9,4
307,0;9,4
306,6;9,4
293,1;10,6
294,3;10,6
291,3;10,6
287,6;10,6
199,3;10,0
199,4;10,0
163,0;10,0
165,6;10,0
161,7;9,4
166,4;9,4
166,8;9,4
169,9;9,4
170,3;8,9
160,4;8,9
163,9;8,9
173,1;8,9
169,6;8,3
162,9;8,3
154,9;8,3
159,2;8,3
150,8;8,3
168,0;8,3
163,9;8,3
168,6;8,3
152,0;7,8
158,0;7,8
168,4;7,8
169,7;7,8
164,1;7,8
163,1;7,8
167,4;7,8
168,6;7,8
166,4;7,2
173,7;7,2
172,1;7,2
175,2;7,2
171,5;7,2
183,2;7,2
199,1;7,2
190,8;7,2
190,1;7,2
185,9;7,2
185,2;7,2
184,1;7,2
269,8;7,2
264,6;7,2
262,6;7,2
263,7;7,2
263,9;9,4
258,2;9,4
259,2;9,4
266,0;9,4
264,5;10,0
270,7;10,0
268,3;10,0
269,4;10,0
264,3;10,6
267,7;10,6
267,0;10,6
273,4;10,6
276,2;11,7
272,9;11,7
272,3;11,7
270,2;11,7
269,1;12,2
273,1;12,2
271,2;12,2
267,1;12,2
271,1;12,8
266,2;12,8
272,9;12,8
269,3;12,8
265,0;12,2
261,7;12,2
267,1;12,2
264,8;12,2
267,3;11,1
263,5;11,1
264,1;11,1
263,5;11,1
307,0;10,6
311,0;10,6
308,4;10,6
311,6;10,6
304,2;10,0
304,3;10,0
295,3;10,0
293,3;10,0
302,4;10,0
304,1;10,0
302,5;10,0
301,3;10,0
298,8;10,0
303,2;10,0
300,3;10,0
298,3;10,0
296,6;9,4
292,7;9,4
296,8;9,4
291,8;9,4
290,1;8,9
288,7;8,9
287,3;8,9
285,6;8,9
189,2;12,8
199,0;12,8
163,9;12,8
160,0;12,8
164,6;12,2
152,9;12,2
165,8;12,2
160,7;12,2
154,1;13,3
162,7;13,3
161,1;13,3
159,1;13,3
160,4;13,9
161,0;13,9
161,9;13,9
163,4;13,9
160,2;12,8
156,1;12,8
160,8;12,8
160,3;12,8
164,3;12,2
164,7;12,2
161,5;12,2
164,1;12,2
165,5;12,8
171,3;12,8
176,7;12,8
168,5;12,8
170,0;12,8
178,3;12,8
180,0;12,8
179,2;12,8
187,0;13,3
200,6;13,3
185,5;13,3
190,1;13,3
282,3;11,7
275,1;11,7
266,5;11,7
273,4;11,7
283,3;13,3
273,8;13,3
278,7;13,3
270,5;13,3
268,6;13,9
265,9;13,9
262,5;13,9
271,6;13,9
270,2;15,0
295,7;15,0
285,4;15,0
288,1;15,0
283,3;15,6
300,4;15,6
279,2;15,6
304,7;15,6
298,5;16,1
293,8;16,1
286,1;16,1
275,7;16,1
283,7;16,7
287,7;16,7
294,4;16,7
288,1;16,7
282,5;17,8
293,9;17,8
295,8;17,8
302,5;17,8
296,7;17,2
285,1;17,2
288,2;17,2
277,1;17,2
327,0;15,6
329,9;15,6
331,2;15,6
341,5;15,6
322,0;15,0
317,4;15,0
319,8;15,0
327,5;15,0
336,6;16,1
330,3;16,1
326,5;16,1
323,6;16,1
318,7;15,6
323,5;15,6
320,6;15,6
319,5;15,6
315,7;15,6
310,6;15,6
310,0;15,6
324,4;15,6
306,2;15,6
297,3;15,6
307,4;15,6
307,7;15,6
222,9;15,0
223,1;15,0
182,4;15,0
183,5;15,0
184,0;15,0
178,1;15,0
184,9;15,0
180,4;15,0
177,0;14,4
162,4;14,4
155,0;14,4
157,7;14,4
164,7;13,9
164,5;13,9
172,1;13,9
178,4;13,9
167,2;13,3
162,8;13,3
168,7;13,3
165,8;13,3
167,8;12,8
166,2;12,8
172,9;12,8
171,7;12,8
168,5;12,2
170,6;12,2
172,3;12,2
173,9;12,2
175,0;11,1
181,2;11,1
171,3;11,1
172,7;11,1
197,8;11,1
189,3;11,1
179,4;11,1
189,8;11,1
268,2;10,6
274,1;10,6
263,1;10,6
257,2;10,6
272,5;12,8
265,4;12,8
274,4;12,8
287,0;12,8
283,8;15,0
263,1;15,0
258,0;15,0
261,6;15,0
267,7;15,0
268,6;15,0
268,6;15,0
272,6;15,0
269,4;15,6
270,9;15,6
275,5;15,6
264,7;15,6
273,8;15,0
268,2;15,0
275,3;15,0
276,0;15,0
277,0;16,1
276,1;16,1
274,8;16,1
276,9;16,1
275,4;15,6
268,6;15,6
269,2;15,6
271,2;15,6
270,5;16,1
274,2;16,1
288,7;16,1
287,9;16,1
321,8;15,0
333,7;15,0
318,3;15,0
312,5;15,0
309,1;11,7
308,3;11,7
319,9;11,7
323,2;11,7
313,9;12,8
313,0;12,8
308,2;12,8
302,2;12,8
304,0;12,8
302,6;12,8
297,2;12,8
303,0;12,8
294,0;12,8
311,9;12,8
317,7;12,8
303,3;12,8
287,3;11,1
282,4;11,1
282,9;11,1
284,4;11,1
196,8;10,0
191,5;10,0
159,1;10,0
159,0;10,0
163,5;8,9
157,2;8,9
165,9;8,9
163,8;8,9
166,5;8,3
155,4;8,3
152,6;8,3
158,3;8,3
155,2;7,8
159,7;7,8
158,2;7,8
163,8;7,8
162,6;6,1
155,5;6,1
165,8;6,1
159,4;6,1
160,7;6,7
159,5;6,7
160,3;6,7
155,9;6,7
168,6;6,7
159,6;6,7
159,7;6,7
155,6;6,7
164,3;7,2
171,5;7,2
173,0;7,2
174,0;7,2
178,5;7,2
184,7;7,2
173,7;7,2
179,0;7,2
255,7;6,7
255,3;6,7
253,0;6,7
256,8;6,7
262,7;9,4
253,8;9,4
262,7;9,4
258,5;9,4
261,9;11,7
259,0;11,7
255,9;11,7
256,6;11,7
271,0;12,2
266,5;12,2
261,5;12,2
271,4;12,2
263,4;13,9
259,2;13,9
265,2;13,9
262,0;13,9
268,2;15,0
268,5;15,0
266,9;15,0
261,7;15,0
268,6;15,0
264,8;15,0
267,2;15,0
264,8;15,0
268,3;15,6
264,1;15,6
264,0;15,6
267,7;15,6
260,7;15,6
268,4;15,6
256,9;15,6
261,8;15,6
297,9;13,3
304,2;13,3
302,9;13,3
301,3;13,3
298,4;12,8
300,4;12,8
293,2;12,8
295,1;12,8
305,7;11,7
306,2;11,7
304,4;11,7
299,0;11,7
300,2;11,1
302,5;11,1
305,0;11,1
305,5;11,1
303,3;10,6
293,0;10,6
289,1;10,6
293,1;10,6
287,2;9,4
286,9;9,4
285,4;9,4
289,5;9,4
200,8;10,0
198,5;10,0
167,7;10,0
165,7;10,0
157,9;8,9
152,9;8,9
156,8;8,9
160,5;8,9
169,3;8,3
163,5;8,3
149,6;8,3
158,5;8,3
158,7;7,8
166,2;7,8
165,0;7,8
167,2;7,8
161,8;7,2
157,1;7,2
164,5;7,2
167,2;7,2
163,3;6,1
162,4;6,1
162,1;6,1
158,5;6,1
164,3;6,7
162,5;6,7
167,4;6,7
165,3;6,7
173,0;7,2
172,9;7,2
179,2;7,2
197,1;7,2
191,4;6,1
186,7;6,1
170,9;6,1
176,8;6,1
264,5;6,1
261,2;6,1
253,1;6,1
254,1;6,1
261,3;8,3
255,2;8,3
259,2;8,3
259,3;8,3
253,1;10,6
259,7;10,6
262,1;10,6
253,7;10,6
264,7;11,7
260,2;11,7
259,6;11,7
261,0;11,7
269,8;13,9
272,6;13,9
267,2;13,9
263,7;13,9
263,7;12,8
266,0;12,8
262,4;12,8
261,7;12,8
263,1;11,7
260,5;11,7
263,1;11,7
263,2;11,7
267,7;12,2
268,2;12,2
271,2;12,2
270,8;12,2
268,7;12,2
260,0;12,2
259,1;12,2
262,1;12,2
297,6;12,2
302,3;12,2
302,4;12,2
296,6;12,2
301,1;11,7
301,9;11,7
303,9;11,7
301,6;11,7
308,3;10,6
304,4;10,6
299,7;10,6
295,6;10,6
301,9;8,9
300,0;8,9
303,4;8,9
301,7;8,9
290,4;9,4
291,1;9,4
287,3;9,4
291,7;9,4
288,7;10,6
283,5;10,6
277,3;10,6
277,9;10,6
192,6;8,9
193,3;8,9
161,5;8,9
155,5;8,9
153,2;8,9
134,1;8,9
155,0;8,9
150,8;8,9
162,5;8,9
155,9;8,9
156,3;8,9
160,6;8,9
152,8;7,2
159,3;7,2
159,1;7,2
152,7;7,2
148,8;7,8
147,2;7,8
149,7;7,8
155,6;7,8
153,9;7,8
149,4;7,8
152,6;7,8
150,9;7,8
151,8;6,7
152,3;6,7
155,5;6,7
150,5;6,7
159,7;6,7
160,8;6,7
159,7;6,7
154,0;6,7
161,6;6,7
170,3;6,7
171,0;6,7
173,3;6,7
258,3;6,7
253,0;6,7
250,5;6,7
249,2;6,7
251,2;8,3
249,8;8,3
253,4;8,3
250,1;8,3
254,0;8,9
253,8;8,9
259,9;8,9
259,0;8,9
264,3;11,7
255,0;11,7
258,0;11,7
258,5;11,7
263,3;12,2
265,3;12,2
261,2;12,2
264,4;12,2
268,5;13,3
269,2;13,3
271,8;13,3
265,4;13,3
268,6;14,4
266,6;14,4
263,5;14,4
263,6;14,4
266,4;16,1
270,5;16,1
266,2;16,1
262,6;16,1
260,9;13,9
262,5;13,9
263,5;13,9
255,9;13,9
290,1;13,9
307,4;13,9
307,2;13,9
304,2;13,9
298,8;13,9
290,9;13,9
295,1;13,9
299,4;13,9
307,1;13,9
306,0;13,9
298,4;13,9
296,7;13,9
297,9;13,9
298,2;13,9
299,9;13,9
298,6;13,9
294,1;13,3
296,5;13,3
287,4;13,3
288,1;13,3
285,6;13,9
284,2;13,9
283,3;13,9
291,4;13,9
195,5;13,9
190,7;13,9
152,6;13,9
152,0;13,9
148,9;13,9
142,7;13,9
152,6;13,9
153,6;13,9
156,6;13,9
149,9;13,9
150,4;13,9
150,3;13,9
146,0;13,9
148,1;13,9
156,5;13,9
155,3;13,9
159,2;13,9
156,8;13,9
154,4;13,9
163,4;13,9
154,9;13,3
149,6;13,3
151,7;13,3
160,0;13,3
156,0;12,2
158,8;12,2
153,4;12,2
159,0;12,2
156,5;12,8
160,6;12,8
164,3;12,8
164,1;12,8
180,9;12,8
177,8;12,8
168,4;12,8
168,3;12,8
258,3;12,8
252,1;12,8
250,3;12,8
250,0;12,8
260,7;12,8
256,1;12,8
258,7;12,8
256,0;12,8
254,8;13,9
251,3;13,9
256,0;13,9
260,3;13,9
266,4;13,9
259,0;13,9
261,2;13,9
260,7;13,9
264,1;13,9
267,9;13,9
268,7;13,9
268,3;13,9
267,0;11,7
267,4;11,7
264,8;11,7
268,5;11,7
265,4;10,6
264,3;10,6
262,9;10,6
261,0;10,6
267,9;11,1
267,9;11,1
264,5;11,1
266,6;11,1
266,8;12,2
263,3;12,2
265,6;12,2
262,1;12,2
287,1;11,7
308,2;11,7
312,1;11,7
309,5;11,7
305,6;12,2
304,7;12,2
298,3;12,2
302,2;12,2
306,9;12,2
300,0;12,2
297,3;12,2
302,4;12,2
301,9;12,2
295,3;12,2
291,7;12,2
282,7;12,2
287,1;11,7
284,7;11,7
280,5;11,7
281,0;11,7
195,1;11,7
193,1;11,7
159,7;11,7
163,4;11,7
160,4;12,2
168,1;12,2
164,6;12,2
160,8;12,2
158,9;12,2
156,3;12,2
163,5;12,2
167,1;12,2
165,3;11,7
165,9;11,7
155,5;11,7
153,9;11,7
154,7;11,7
151,2;11,7
158,6;11,7
171,1;11,7
163,3;11,7
183,4;11,7
176,9;11,7
178,3;11,7
177,2;11,7
168,7;11,7
163,8;11,7
169,0;11,7
165,7;11,7
180,4;11,7
176,4;11,7
171,7;11,7
173,1;11,7
186,3;11,7
198,0;11,7
186,8;11,7
195,0;12,2
213,5;12,2
192,7;12,2
204,2;12,2
269,6;12,2
268,9;12,2
273,2;12,2
261,4;12,2
269,5;12,8
269,1;12,8
266,8;12,8
267,5;12,8
252,6;12,8
260,2;12,8
274,4;12,8
264,5;12,8
274,6;12,2
274,8;12,2
278,9;12,2
285,8;12,2
298,3;13,3
274,2;13,3
269,9;13,3
271,4;13,3
272,6;14,4
270,0;14,4
269,5;14,4
266,8;14,4
266,7;14,4
269,1;14,4
265,2;14,4
270,5;14,4
266,3;13,9
266,4;13,9
267,8;13,9
264,0;13,9
267,4;10,0
266,6;10,0
268,4;10,0
261,9;10,0
287,8;12,2
308,9;12,2
307,5;12,2
308,4;12,2
299,2;11,7
292,7;11,7
294,6;11,7
298,3;11,7
303,7;11,7
295,1;11,7
302,9;11,7
300,9;11,7
303,7;11,7
302,6;11,7
299,6;11,7
297,9;11,7
293,9;12,2
293,1;12,2
290,5;12,2
288,5;12,2
277,2;12,2
278,4;12,2
285,1;12,2
288,0;12,2
193,2;12,2
194,3;12,2
166,4;12,2
158,4;12,2
163,7;11,7
153,7;11,7
155,7;11,7
154,4;11,7
160,4;11,7
147,1;11,7
160,9;11,7
168,6;11,7
160,6;11,1
160,1;11,1
155,7;11,1
162,7;11,1
157,4;11,1
157,3;11,1
162,2;11,1
169,4;11,1
164,9;11,7
159,4;11,7
163,6;11,7
163,3;11,7
159,2;11,1
163,8;11,1
167,4;11,1
163,7;11,1
168,5;11,7
176,6;11,7
176,2;11,7
171,5;11,7
172,7;10,0
194,7;10,0
177,2;10,0
184,0;10,0
263,1;10,6
257,6;10,6
257,1;10,6
261,0;10,6
264,1;10,0
258,6;10,0
258,1;10,0
258,5;10,0
260,9;10,0
256,7;10,0
263,0;10,0
262,0;10,0
260,0;10,6
258,9;10,6
256,5;10,6
254,0;10,6
262,9;11,7
263,3;11,7
264,7;11,7
266,1;11,7
265,5;12,2
262,4;12,2
262,9;12,2
267,0;12,2
269,5;14,4
269,1;14,4
260,1;14,4
269,7;14,4
268,9;13,9
268,8;13,9
266,2;13,9
260,7;13,9
262,2;10,6
261,1;10,6
259,8;10,6
260,8;10,6
280,3;11,1
302,2;11,1
302,5;11,1
303,7;11,1
302,4;11,7
290,4;11,7
297,4;11,7
299,5;11,7
301,6;11,7
293,6;11,7
293,6;11,7
292,7;11,7
293,1;11,7
288,2;11,7
288,7;11,7
288,4;11,7
292,2;10,6
293,5;10,6
301,2;10,6
290,9;10,6
277,6;10,0
272,8;10,0
272,8;10,0
278,7;10,0
185,5;9,4
196,3;9,4
165,7;9,4
160,9;9,4
158,9;10,0
153,2;10,0
157,8;10,0
171,0;10,0
174,4;10,0
156,4;10,0
146,4;10,0
147,5;10,0
159,8;10,6
163,9;10,6
161,1;10,6
163,9;10,6
158,8;10,0
157,9;10,0
162,5;10,0
168,5;10,0
164,7;10,6
164,2;10,6
164,2;10,6
162,6;10,6
163,1;10,0
171,6;10,0
173,0;10,0
165,4;10,0
165,9;10,0
172,8;10,0
166,7;10,0
177,4;10,0
189,3;10,0
191,4;10,0
181,0;10,0
188,4;10,0
266,9;10,0
264,3;10,0
257,8;10,0
260,4;10,0
270,5;10,0
255,3;10,0
260,6;10,0
263,8;10,0
253,2;11,7
256,1;11,7
260,3;11,7
257,1;11,7
262,0;10,6
250,9;10,6
256,0;10,6
256,4;10,6
258,4;10,6
259,1;10,6
262,2;10,6
259,9;10,6
259,3;12,2
266,0;12,2
261,6;12,2
257,2;12,2
259,2;11,7
253,5;11,7
258,6;11,7
256,5;11,7
259,1;12,2
255,9;12,2
265,1;12,2
261,8;12,2
262,0;11,7
259,4;11,7
260,5;11,7
258,1;11,7
278,7;10,6
302,3;10,6
301,7;10,6
301,7;10,6
302,2;10,6
302,5;10,6
291,8;10,6
294,4;10,6
296,6;10,0
292,1;10,0
293,7;10,0
297,6;10,0
291,7;9,4
286,2;9,4
299,6;9,4
293,7;9,4
297,7;10,0
296,8;10,0
295,8;10,0
298,1;10,0
286,3;10,6
282,4;10,6
282,1;10,6
277,2;10,6
192,9;10,6
196,0;10,6
166,2;10,6
166,7;10,6
157,7;8,9
155,0;8,9
157,4;8,9
165,0;8,9
164,0;10,0
151,0;10,0
145,2;10,0
151,0;10,0
160,7;9,4
161,1;9,4
164,6;9,4
160,3;9,4
154,4;8,3
148,4;8,3
156,2;8,3
161,1;8,3
156,3;7,8
156,5;7,8
158,6;7,8
156,3;7,8
163,1;7,8
160,0;7,8
159,4;7,8
162,4;7,8
172,2;7,8
168,6;7,8
169,5;7,8
168,3;7,8
192,9;7,8
191,5;7,8
182,8;7,8
180,7;7,8
263,3;7,2
255,6;7,2
257,4;7,2
256,5;7,2
259,0;7,8
255,4;7,8
260,4;7,8
258,1;7,8
252,7;7,8
252,8;7,8
260,4;7,8
261,6;7,8
261,9;8,3
257,3;8,3
258,2;8,3
255,0;8,3
260,6;8,9
254,5;8,9
258,7;8,9
262,0;8,9
257,6;8,3
261,1;8,3
259,9;8,3
259,4;8,3
261,5;8,3
255,8;8,3
250,9;8,3
255,7;8,3
252,8;8,9
256,0;8,9
253,3;8,9
252,5;8,9
249,5;9,4
253,9;9,4
248,1;9,4
248,9;9,4
273,0;7,8
304,2;7,8
297,5;7,8
303,8;7,8
301,3;7,8
298,1;7,8
293,2;7,8
295,2;7,8
296,9;6,7
290,6;6,7
296,8;6,7
290,1;6,7
288,6;6,7
289,2;6,7
289,1;6,7
293,0;6,7
285,1;6,7
280,8;6,7
284,0;6,7
276,4;6,7
270,9;6,7
275,8;6,7
280,6;6,7
278,7;6,7
192,2;6,7
190,7;6,7
165,9;6,7
162,7;6,7
155,4;6,7
153,5;6,7
156,8;6,7
162,3;6,7
162,5;6,7
148,7;6,7
153,3;6,7
157,3;6,7
155,7;6,7
158,5;6,7
155,6;6,7
157,7;6,7
153,7;6,7
148,5;6,7
162,8;6,7
162,1;6,7
157,9;6,7
159,9;6,7
158,2;6,7
153,5;6,7
161,6;6,7
157,0;6,7
159,8;6,7
159,9;6,7
163,0;6,7
157,3;6,7
162,9;6,7
169,0;6,7
181,2;6,7
173,7;6,7
167,2;6,7
175,9;6,7
257,2;6,7
258,6;6,7
256,0;6,7
258,6;6,7
256,6;6,1
250,0;6,1
251,7;6,1
256,6;6,1
258,1;6,1
252,3;6,1
260,5;6,1
259,7;6,1
253,7;7,8
256,7;7,8
255,6;7,8
260,4;7,8
263,4;9,4
271,3;9,4
259,1;9,4
259,7;9,4
263,2;11,1
262,1;11,1
257,7;11,1
259,1;11,1
261,1;10,6
259,5;10,6
259,2;10,6
256,6;10,6
258,9;8,3
260,2;8,3
260,8;8,3
258,2;8,3
261,9;9,4
256,5;9,4
254,3;9,4
255,8;9,4
270,3;9,4
299,9;9,4
302,3;9,4
300,5;9,4
298,4;7,8
296,7;7,8
296,5;7,8
289,0;7,8
290,4;8,3
292,5;8,3
294,5;8,3
289,4;8,3
290,2;7,2
285,7;7,2
281,7;7,2
283,6;7,2
284,7;7,2
289,5;7,2
289,5;7,2
287,2;7,2
276,1;6,7
278,5;6,7
279,1;6,7
275,1;6,7
187,5;6,7
192,8;6,7
158,0;6,7
155,3;6,7
155,5;6,1
148,8;6,1
153,2;6,1
153,4;6,1
156,6;6,1
148,1;6,1
152,8;6,1
152,1;6,1
148,8;7,2
149,9;7,2
150,4;7,2
149,8;7,2
143,3;7,2
142,5;7,2
149,9;7,2
154,5;7,2
148,9;7,2
149,5;7,2
150,5;7,2
147,2;7,2
152,8;7,2
148,7;7,2
152,8;7,2
150,9;7,2
155,4;7,2
154,7;7,2
153,6;7,2
174,8;7,2
173,3;7,2
172,1;7,2
164,7;7,2
169,8;7,2
244,5;7,2
245,0;7,2
248,4;7,2
252,0;7,2
253,2;8,9
246,9;8,9
249,7;8,9
252,5;8,9
246,1;8,9
250,2;8,9
252,9;8,9
250,7;8,9
254,5;11,1
251,5;11,1
247,4;11,1
250,5;11,1
253,6;11,7
253,7;11,7
251,7;11,7
252,2;11,7
261,1;12,8
259,4;12,8
259,5;12,8
252,0;12,8
257,8;13,9
255,9;13,9
256,1;13,9
251,5;13,9
256,2;12,2
259,0;12,2
259,0;12,2
254,9;12,2
261,5;12,8
268,0;12,8
260,5;12,8
255,7;12,8
271,6;11,7
306,8;11,7
304,9;11,7
300,2;11,7
296,4;10,6
299,9;10,6
295,9;10,6
296,2;10,6
297,5;8,9
297,1;8,9
290,4;8,9
290,5;8,9
287,9;9,4
286,8;9,4
289,1;9,4
290,6;9,4
288,5;8,3
279,4;8,3
277,9;8,3
284,6;8,3
274,3;7,8
272,0;7,8
270,3;7,8
270,3;7,8
181,4;7,2
180,3;7,2
147,7;7,2
140,5;7,2
148,7;6,7
142,6;6,7
157,0;6,7
155,6;6,7
150,0;7,2
138,7;7,2
137,8;7,2
149,5;7,2
143,5;6,7
145,0;6,7
141,9;6,7
148,5;6,7
147,2;6,1
148,2;6,1
150,1;6,1
146,1;6,1
147,3;5,6
143,2;5,6
145,9;5,6
147,6;5,6
153,6;5,6
144,9;5,6
148,2;5,6
146,7;5,6
153,3;6,1
173,2;6,1
180,2;6,1
172,3;6,1
173,3;6,7
167,8;6,7
167,1;6,7
172,2;6,7
258,3;7,2
249,9;7,2
255,9;7,2
247,3;7,2
253,5;8,3
252,4;8,3
252,4;8,3
248,3;8,3
248,8;10,6
252,0;10,6
250,2;10,6
251,5;10,6
255,1;11,1
250,0;11,1
252,0;11,1
247,5;11,1
253,2;11,7
260,0;11,7
257,7;11,7
255,5;11,7
263,2;11,1
261,1;11,1
258,2;11,1
263,9;11,1
255,2;11,7
263,6;11,7
260,4;11,7
253,0;11,7
255,0;12,2
256,6;12,2
259,3;12,2
255,1;12,2
256,6;12,2
254,9;12,2
253,0;12,2
249,9;12,2
262,5;12,2
294,4;12,2
298,0;12,2
294,9;12,2
292,6;12,2
286,3;12,2
288,1;12,2
293,9;12,2
293,0;11,7
292,9;11,7
291,5;11,7
287,0;11,7
281,4;11,7
283,7;11,7
283,0;11,7
285,1;11,7
273,4;11,7
265,7;11,7
267,0;11,7
268,8;11,7
187,3;11,1
185,8;11,1
151,5;11,1
151,5;11,1
153,1;12,2
158,4;12,2
154,6;12,2
155,5;12,2
148,5;11,7
148,7;11,7
153,0;11,7
161,5;11,7
160,9;11,1
150,6;11,1
149,9;11,1
149,2;11,1
155,9;11,7
157,6;11,7
150,5;11,7
155,1;11,7
151,2;11,7
148,0;11,7
151,7;11,7
149,9;11,7
154,7;11,7
152,9;11,7
159,0;11,7
154,7;11,7
154,1;10,6
153,0;10,6
150,7;10,6
156,4;10,6
164,9;10,6
166,9;10,6
176,7;10,6
176,6;10,6
182,2;10,6
180,0;10,6
170,3;10,6
168,5;10,6
253,8;10,6
260,9;10,6
255,5;10,6
252,9;10,6
252,7;11,1
245,1;11,1
251,4;11,1
247,2;11,1
248,2;12,2
253,5;12,2
247,5;12,2
253,5;12,2
255,9;11,7
259,4;11,7
255,8;11,7
256,4;11,7
258,0;12,8
255,1;12,8
253,1;12,8
249,4;12,8
247,4;13,3
258,0;13,3
256,7;13,3
252,9;13,3
260,6;13,3
259,3;13,3
260,4;13,3
253,3;13,3
250,4;13,9
253,4;13,9
250,9;13,9
247,8;13,9
248,9;13,3
254,5;13,3
250,6;13,3
252,2;13,3
252,4;13,9
296,4;13,9
296,8;13,9
289,6;13,9
288,7;14,4
291,2;14,4
285,6;14,4
282,9;14,4
292,2;13,9
290,2;13,9
292,8;13,9
287,9;13,9
285,1;13,3
289,3;13,3
283,3;13,3
283,2;13,3
280,7;13,3
278,7;13,3
278,8;13,3
284,0;13,3
282,6;12,8
277,4;12,8
280,5;12,8
276,1;12,8
186,0;11,1
191,9;11,1
159,9;11,1
151,4;11,1
151,1;10,6
147,2;10,6
145,4;10,6
159,1;10,6
159,5;11,7
149,0;11,7
153,4;11,7
153,5;11,7
157,7;12,2
156,4;12,2
155,2;12,2
157,0;12,2
148,9;12,8
146,9;12,8
156,1;12,8
153,1;12,8
151,9;12,8
152,8;12,8
154,6;12,8
159,7;12,8
156,1;12,2
161,8;12,2
168,0;12,2
166,4;12,2
168,1;11,1
176,8;11,1
174,7;11,1
169,6;11,1
175,9;12,2
184,9;12,2
176,4;12,2
179,5;12,2
261,4;12,2
253,4;12,2
251,7;12,2
260,2;12,2
262,1;12,2
253,9;12,2
251,1;12,2
256,9;12,2
258,5;12,2
250,8;12,2
250,8;12,2
250,8;12,2
258,9;12,2
258,0;12,2
261,2;12,2
258,8;12,2
258,4;12,2
257,6;12,2
256,2;12,2
255,5;12,2
254,0;12,2
253,0;12,2
256,0;12,2
252,0;12,2
256,6;12,2
264,4;12,2
259,8;12,2
263,3;12,2
264,2;11,1
257,7;11,1
261,2;11,1
261,1;11,1
260,6;11,1
260,5;11,1
248,2;11,1
244,7;11,1
248,2;11,7
287,5;11,7
297,1;11,7
297,4;11,7
292,7;10,6
287,3;10,6
289,1;10,6
280,5;10,6
294,6;11,1
294,1;11,1
287,9;11,1
287,7;11,1
288,4;11,1
288,6;11,1
289,3;11,1
286,5;11,1
293,0;10,0
292,1;10,0
293,5;10,0
276,4;10,0
273,1;8,9
277,5;8,9
278,3;8,9
275,3;8,9
185,8;10,0
186,7;10,0
155,2;10,0
151,6;10,0
150,4;8,3
147,7;8,3
154,3;8,3
156,8;8,3
157,9;8,3
150,5;8,3
152,3;8,3
154,6;8,3
151,9;9,4
159,7;9,4
151,8;9,4
151,1;9,4
142,5;8,3
148,1;8,3
149,2;8,3
154,9;8,3
159,9;8,9
151,9;8,9
152,4;8,9
157,7;8,9
162,9;8,9
156,5;8,9
163,0;8,9
160,3;8,9
158,7;8,3
167,9;8,3
166,8;8,3
162,4;8,3
161,3;7,8
160,8;7,8
160,0;7,8
178,6;7,8
256,9;8,3
257,3;8,3
254,5;8,3
244,3;8,3
254,8;8,9
253,0;8,9
255,9;8,9
255,1;8,9
254,1;9,4
260,1;9,4
250,7;9,4
254,3;9,4
257,2;10,0
250,7;10,0
254,0;10,0
256,7;10,0
257,4;10,0
256,3;10,0
253,1;10,0
250,6;10,0
260,5;11,1
257,9;11,1
254,4;11,1
257,9;11,1
254,6;12,2
255,4;12,2
280,8;12,2
292,2;12,2
299,2;12,8
296,4;12,8
270,1;12,8
293,4;12,8
298,7;13,3
305,7;13,3
279,8;13,3
242,7;13,3
255,3;12,8
293,6;12,8
303,6;12,8
300,6;12,8
299,7;10,6
300,9;10,6
294,3;10,6
295,3;10,6
300,6;10,6
296,5;10,6
298,9;10,6
293,8;10,6
297,7;9,4
292,9;9,4
298,0;9,4
290,3;9,4
293,8;8,9
298,5;8,9
296,6;8,9
293,9;8,9
280,5;10,0
277,8;10,0
278,0;10,0
278,8;10,0
194,2;10,6
194,7;10,6
155,1;10,6
150,8;10,6
150,1;10,6
147,2;10,6
154,1;10,6
152,1;10,6
158,2;10,0
145,7;10,0
154,6;10,0
158,1;10,0
151,7;10,0
156,0;10,0
150,5;10,0
153,2;10,0
155,5;9,4
151,3;9,4
154,0;9,4
152,2;9,4
152,3;8,9
151,6;8,9
153,2;8,9
154,0;8,9
157,0;8,3
159,4;8,3
155,4;8,3
154,8;8,3
183,2;7,2
185,5;7,2
180,6;7,2
176,2;7,2
186,3;7,2
177,2;7,2
174,0;7,2
166,8;7,2
286,7;7,2
307,7;7,2
309,9;7,2
304,5;7,2
263,9;9,4
248,1;9,4
254,9;9,4
253,9;9,4
255,7;10,6
252,5;10,6
253,7;10,6
254,4;10,6
253,2;11,7
252,7;11,7
254,3;11,7
253,7;11,7
250,0;12,8
250,6;12,8
243,4;12,8
251,1;12,8
248,5;13,9
247,4;13,9
246,5;13,9
247,7;13,9
248,1;13,3
244,6;13,3
248,2;13,3
248,2;13,3
246,7;13,9
240,9;13,9
240,2;13,9
243,4;13,9
241,4;13,3
240,5;13,3
240,8;13,3
243,4;13,3
254,3;12,8
291,4;12,8
295,6;12,8
301,2;12,8
296,3;11,7
295,0;11,7
293,6;11,7
294,1;11,7
298,8;11,7
297,3;11,7
293,8;11,7
290,7;11,7
288,8;10,6
283,7;10,6
282,6;10,6
281,8;10,6
284,5;10,0
286,7;10,0
284,5;10,0
283,5;10,0
278,0;9,4
273,6;9,4
273,3;9,4
277,9;9,4
190,0;8,3
195,8;8,3
159,8;8,3
156,0;8,3
152,6;8,9
141,2;8,9
155,5;8,9
159,4;8,9
159,4;7,8
144,8;7,8
150,4;7,8
158,0;7,8
151,8;7,8
154,0;7,8
152,6;7,8
149,6;7,8
145,2;7,8
145,0;7,8
152,8;7,8
155,0;7,8
157,5;7,2
151,6;7,2
153,1;7,2
152,3;7,2
149,7;7,2
155,2;7,2
156,2;7,2
154,0;7,2
157,0;7,8
175,3;7,8
185,1;7,8
175,7;7,8
177,5;8,3
166,9;8,3
164,9;8,3
165,6;8,3
250,3;8,9
245,7;8,9
245,4;8,9
247,9;8,9
251,5;9,4
249,9;9,4
253,9;9,4
251,2;9,4
249,2;10,6
246,4;10,6
246,4;10,6
246,0;10,6
245,8;13,3
249,0;13,3
246,3;13,3
249,3;13,3
254,8;15,0
253,8;15,0
254,7;15,0
249,5;15,0
249,3;16,1
249,5;16,1
251,6;16,1
252,6;16,1
251,4;14,4
257,2;14,4
249,8;14,4
255,0;14,4
254,4;16,1
251,8;16,1
253,4;16,1
251,9;16,1
249,2;15,0
253,2;15,0
250,1;15,0
252,0;15,0
251,0;14,4
284,3;14,4
299,0;14,4
298,1;14,4
298,0;11,1
297,5;11,1
301,7;11,1
297,0;11,1
302,0;11,1
295,7;11,1
295,1;11,1
291,5;11,1
294,2;11,7
296,0;11,7
291,9;11,7
290,3;11,7
286,7;11,1
286,6;11,1
290,9;11,1
278,5;11,1
281,8;11,1
275,2;11,1
278,2;11,1
281,1;11,1
192,0;10,0
194,0;10,0
155,8;10,0
156,5;10,0
152,6;10,0
150,7;10,0
152,5;10,0
155,4;10,0
152,6;10,0
144,0;10,0
145,0;10,0
145,8;10,0
142,1;9,4
145,2;9,4
148,4;9,4
146,5;9,4
141,6;8,3
141,3;8,3
143,2;8,3
148,0;8,3
145,1;7,8
146,3;7,8
146,6;7,8
147,7;7,8
146,8;6,7
147,4;6,7
149,8;6,7
152,0;6,7
156,4;6,1
161,0;6,1
175,2;6,1
171,0;6,1
167,9;6,1
157,6;6,1
144,9;6,1
153,5;6,1
239,9;6,7
232,8;6,7
236,2;6,7
230,9;6,7
239,4;8,9
234,6;8,9
238,3;8,9
240,7;8,9
237,5;10,6
246,7;10,6
243,0;10,6
252,3;10,6
250,2;13,3
241,3;13,3
238,6;13,3
247,0;13,3
243,4;14,4
255,3;14,4
248,2;14,4
248,8;14,4
253,7;14,4
254,1;14,4
252,6;14,4
254,0;14,4
248,0;14,4
253,9;14,4
251,5;14,4
252,2;14,4
244,7;15,0
246,2;15,0
250,5;15,0
252,1;15,0
251,4;15,0
252,8;15,0
249,1;15,0
254,7;15,0
251,0;12,8
285,0;12,8
305,9;12,8
303,4;12,8
299,5;11,7
299,0;11,7
296,4;11,7
298,4;11,7
300,6;11,1
295,3;11,1
298,2;11,1
293,8;11,1
293,1;10,6
290,0;10,6
293,2;10,6
292,1;10,6
295,5;9,4
289,6;9,4
289,6;9,4
294,9;9,4
294,3;8,9
285,8;8,9
278,6;8,9
278,2;8,9
194,2;8,3
194,1;8,3
155,3;8,3
150,9;8,3
149,9;8,9
147,2;8,9
152,5;8,9
153,8;8,9
147,9;8,9
140,3;8,9
138,9;8,9
139,9;8,9
142,4;9,4
141,9;9,4
140,7;9,4
147,5;9,4
143,0;10,0
146,0;10,0
145,2;10,0
145,2;10,0
151,5;10,0
145,9;10,0
148,5;10,0
147,7;10,0
153,2;10,0
148,8;10,0
149,2;10,0
152,4;10,0
150,8;9,4
160,3;9,4
158,9;9,4
171,6;9,4
165,5;8,9
160,6;8,9
151,1;8,9
158,3;8,9
241,0;8,9
239,9;8,9
237,4;8,9
234,3;8,9
241,5;10,0
238,0;10,0
238,5;10,0
245,3;10,0
237,1;10,6
239,2;10,6
238,9;10,6
239,7;10,6
247,4;11,7
244,1;11,7
241,8;11,7
245,3;11,7
240,6;12,8
246,5;12,8
249,4;12,8
248,8;12,8
246,7;13,3
251,2;13,3
250,1;13,3
249,9;13,3
250,6;14,4
253,0;14,4
253,8;14,4
251,5;14,4
253,8;14,4
255,8;14,4
257,5;14,4
254,0;14,4
253,4;14,4
256,7;14,4
252,4;14,4
252,4;14,4
252,2;13,3
282,8;13,3
303,0;13,3
304,9;13,3
302,8;11,1
295,7;11,1
294,5;11,1
291,8;11,1
299,6;11,7
293,8;11,7
300,9;11,7
294,4;11,7
292,3;11,7
293,9;11,7
294,9;11,7
284,4;11,7
279,9;11,7
279,5;11,7
274,5;11,7
277,3;11,7
194,4;10,6
194,0;10,6
154,0;10,6
152,0;10,6
150,9;10,0
156,3;10,0
155,3;10,0
151,2;10,0
155,0;9,4
147,6;9,4
160,7;9,4
162,5;9,4
159,4;8,9
152,3;8,9
154,4;8,9
153,4;8,9
156,1;8,3
158,6;8,3
155,4;8,3
152,0;8,3
150,4;8,9
149,3;8,9
156,8;8,9
154,9;8,9
153,5;8,3
150,1;8,3
153,4;8,3
150,0;8,3
153,1;7,2
156,6;7,2
160,1;7,2
163,7;7,2
161,8;7,2
167,1;7,2
163,6;7,2
180,0;7,2
172,4;7,8
164,9;7,8
161,6;7,8
169,5;7,8
257,6;7,2
249,1;7,2
248,8;7,2
248,4;7,2
247,0;10,0
256,8;10,0
255,5;10,0
252,6;10,0
252,7;11,7
246,1;11,7
245,6;11,7
249,0;11,7
245,9;13,9
250,3;13,9
245,1;13,9
250,7;13,9
252,4;13,9
254,4;13,9
256,0;13,9
249,6;13,9
245,4;15,0
256,4;15,0
250,2;15,0
251,3;15,0
256,1;15,6
252,4;15,6
250,9;15,6
249,6;15,6
244,4;15,6
254,1;15,6
251,5;15,6
251,9;15,6
253,6;14,4
253,6;14,4
242,6;14,4
243,9;14,4
247,4;13,3
277,1;13,3
301,1;13,3
300,2;13,3
300,9;12,8
297,7;12,8
296,7;12,8
292,0;12,8
296,9;12,2
297,3;12,2
297,3;12,2
298,5;12,2
300,3;11,7
297,8;11,7
291,1;11,7
290,4;11,7
291,5;11,7
291,4;11,7
291,1;11,7
285,8;11,7
283,6;11,1
284,7;11,1
277,6;11,1
277,8;11,1
191,7;11,1
195,1;11,1
155,4;11,1
156,5;11,1
152,4;10,6
155,7;10,6
150,2;10,6
157,1;10,6
156,3;10,0
147,6;10,0
143,8;10,0
158,4;10,0
155,0;10,0
152,9;10,0
152,2;10,0
151,5;10,0
152,2;10,0
145,1;10,0
153,6;10,0
155,8;10,0
150,5;8,9
152,7;8,9
150,1;8,9
150,8;8,9
153,7;8,9
150,0;8,9
156,7;8,9
157,3;8,9
166,1;8,9
180,4;8,9
176,7;8,9
182,7;8,9
183,1;8,3
175,2;8,3
170,6;8,3
172,9;8,3
254,5;8,9
254,9;8,9
246,6;8,9
252,9;8,9
250,2;9,4
240,7;9,4
249,2;9,4
250,4;9,4
244,5;11,1
251,2;11,1
254,3;11,1
253,1;11,1
252,7;11,7
249,2;11,7
252,7;11,7
254,2;11,7
251,7;13,3
259,6;13,3
259,3;13,3
259,4;13,3
252,4;13,3
257,4;13,3
253,5;13,3
251,8;13,3
259,3;14,4
253,2;14,4
259,9;14,4
256,0;14,4
251,4;13,9
249,5;13,9
253,6;13,9
252,6;13,9
257,6;14,4
255,6;14,4
247,9;14,4
251,6;14,4
254,4;13,3
266,6;13,3
303,4;13,3
305,1;13,3
295,8;12,8
297,1;12,8
292,5;12,8
301,8;12,8
306,2;12,2
300,4;12,2
293,2;12,2
293,6;12,2
290,8;12,2
293,2;12,2
290,3;12,2
289,3;12,2
290,6;11,7
289,1;11,7
288,4;11,7
282,0;11,7
278,2;10,0
277,7;10,0
283,4;10,0
285,0;10,0
200,4;10,0
198,8;10,0
156,8;10,0
156,9;10,0
156,9;9,4
155,6;9,4
157,0;9,4
157,7;9,4
152,7;8,9
145,4;8,9
159,6;8,9
159,6;8,9
155,8;8,9
156,3;8,9
152,6;8,9
154,1;8,9
147,2;8,3
149,2;8,3
153,9;8,3
155,1;8,3
155,8;7,8
155,6;7,8
160,8;7,8
164,0;7,8
159,8;7,2
161,1;7,2
166,4;7,2
170,0;7,2
168,4;6,1
179,4;6,1
191,0;6,1
184,0;6,1
189,6;7,2
183,8;7,2
177,6;7,2
181,4;7,2
256,9;7,8
251,7;7,8
252,2;7,8
249,4;7,8
254,4;10,0
252,6;10,0
252,1;10,0
257,5;10,0
250,9;12,2
246,1;12,2
249,0;12,2
245,1;12,2
253,2;15,0
250,8;15,0
247,8;15,0
254,0;15,0
252,2;15,0
251,3;15,0
254,3;15,0
249,3;15,0
250,4;16,1
254,8;16,1
248,9;16,1
255,6;16,1
256,9;16,1
262,2;16,1
252,9;16,1
250,3;16,1
253,1;15,6
253,8;15,6
259,0;15,6
254,1;15,6
253,6;14,4
253,5;14,4
253,9;14,4
248,5;14,4
248,8;13,9
259,6;13,9
303,8;13,9
298,9;13,9
300,5;13,3
298,0;13,3
291,2;13,3
294,8;13,3
302,0;12,8
293,3;12,8
300,1;12,8
295,8;12,8
294,4;12,8
294,4;12,8
295,7;12,8
288,2;12,8
294,8;12,2
295,0;12,2
293,7;12,2
289,6;12,2
280,2;11,7
278,2;11,7
284,0;11,7
287,0;11,7
198,7;11,1
201,7;11,1
161,1;11,1
155,5;11,1
161,5;10,6
150,4;10,6
154,8;10,6
157,1;10,6
161,8;9,4
147,2;9,4
159,9;9,4
159,1;9,4
156,1;10,0
159,5;10,0
155,8;10,0
158,0;10,0
152,6;9,4
150,9;9,4
155,8;9,4
156,8;9,4
152,2;10,0
157,4;10,0
157,0;10,0
160,6;10,0
157,7;10,0
156,6;10,0
160,9;10,0
159,3;10,0
165,8;10,6
172,1;10,6
165,0;10,6
164,4;10,6
170,6;11,1
168,0;11,1
177,1;11,1
173,4;11,1
257,0;12,2
259,2;12,2
250,2;12,2
256,3;12,2
264,9;12,2
259,0;12,2
257,0;12,2
262,5;12,2
256,1;12,8
254,5;12,8
255,4;12,8
256,9;12,8
260,7;13,3
254,1;13,3
256,2;13,3
253,1;13,3
256,8;14,4
255,7;14,4
257,3;14,4
257,2;14,4
255,4;15,6
255,8;15,6
259,6;15,6
253,3;15,6
260,5;14,4
264,6;14,4
263,8;14,4
260,8;14,4
259,0;15,6
256,9;15,6
253,0;15,6
249,3;15,6
248,0;13,9
254,0;13,9
250,7;13,9
242,1;13,9
250,6;13,3
259,6;13,3
301,7;13,3
308,1;13,3
303,0;13,3
294,9;13,3
302,5;13,3
300,2;13,3
302,4;12,2
302,7;12,2
305,1;12,2
298,3;12,2
299,9;11,7
300,5;11,7
297,2;11,7
290,4;11,7
287,2;11,7
290,2;11,7
279,5;11,7
282,5;11,7
283,2;11,7
285,9;11,7
283,2;11,7
286,0;11,7
198,8;11,7
196,6;11,7
157,8;11,7
159,4;11,7
156,3;11,7
151,3;11,7
158,9;11,7
171,1;11,7
162,9;11,1
154,3;11,1
157,3;11,1
154,8;11,1
154,6;11,7
153,4;11,7
156,6;11,7
154,9;11,7
150,1;11,1
149,4;11,1
159,5;11,1
156,6;11,1
156,9;10,0
158,5;10,0
158,0;10,0
160,4;10,0
155,7;11,1
161,4;11,1
164,2;11,1
167,3;11,1
165,6;10,6
166,4;10,6
164,1;10,6
166,0;10,6
166,2;10,6
156,9;10,6
180,0;10,6
175,9;10,6
259,7;10,6
256,3;10,6
253,1;10,6
250,6;10,6
258,3;12,2
251,6;12,2
253,6;12,2
258,3;12,2
251,4;14,4
258,5;14,4
297,4;14,4
267,4;14,4
262,2;15,0
259,4;15,0
252,9;15,0
255,6;15,0
254,2;16,7
266,3;16,7
263,7;16,7
257,1;16,7
261,3;17,2
255,3;17,2
262,0;17,2
262,6;17,2
260,5;17,8
262,7;17,8
257,4;17,8
255,3;17,8
258,0;17,2
259,7;17,2
260,6;17,2
257,9;17,2
260,9;16,7
256,5;16,7
255,8;16,7
251,3;16,7
263,0;15,0
264,2;15,0
313,6;15,0
307,5;15,0
309,2;14,4
302,3;14,4
300,0;14,4
301,8;14,4
309,3;13,9
300,6;13,9
303,0;13,9
302,4;13,9
299,5;13,9
298,3;13,9
296,5;13,9
301,4;13,9
299,1;13,9
292,4;13,9
289,8;13,9
286,8;13,9
288,8;13,9
282,6;13,9
281,2;13,9
281,4;13,9
196,3;13,3
197,7;13,3
162,1;13,3
155,2;13,3
152,8;12,8
147,0;12,8
157,3;12,8
162,1;12,8
163,9;12,8
151,8;12,8
153,5;12,8
152,6;12,8
148,8;13,3
158,4;13,3
149,1;13,3
145,4;13,3
146,4;12,2
147,7;12,2
143,6;12,2
143,5;12,2
139,6;10,0
148,1;10,0
146,0;10,0
145,8;10,0
148,6;10,0
149,7;10,0
152,5;10,0
147,2;10,0
152,2;10,0
169,4;10,0
171,6;10,0
175,8;10,0
175,4;10,0
164,2;10,0
162,9;10,0
169,3;10,0
246,7;10,0
252,8;10,0
243,5;10,0
244,1;10,0
244,6;10,6
242,3;10,6
247,2;10,6
247,0;10,6
248,3;11,1
253,9;11,1
247,3;11,1
252,1;11,1
252,7;12,2
254,0;12,2
251,8;12,2
251,4;12,2
249,4;13,3
271,7;13,3
286,2;13,3
259,1;13,3
282,3;12,8
277,2;12,8
257,6;12,8
255,0;12,8
256,8;13,9
252,4;13,9
261,1;13,9
254,7;13,9
253,2;14,4
249,7;14,4
245,3;14,4
252,7;14,4
256,1;13,3
249,6;13,3
253,2;13,3
252,5;13,3
253,9;12,8
261,2;12,8
305,9;12,8
302,6;12,8
300,2;12,2
303,0;12,2
299,2;12,2
303,8;12,2
304,1;11,1
300,5;11,1
299,3;11,1
300,2;11,1
298,6;10,6
299,3;10,6
297,0;10,6
296,5;10,6
294,4;10,6
288,3;10,6
289,3;10,6
288,9;10,6
283,9;10,0
282,5;10,0
278,6;10,0
277,5;10,0
190,3;9,4
187,9;9,4
156,2;9,4
150,2;9,4
147,6;9,4
144,3;9,4
152,8;9,4
157,8;9,4
158,2;10,0
143,8;10,0
149,2;10,0
151,2;10,0
149,5;10,0
153,2;10,0
148,5;10,0
149,8;10,0
146,7;10,6
149,1;10,6
149,7;10,6
149,5;10,6
140,8;11,1
141,9;11,1
143,6;11,1
141,2;11,1
144,0;11,1
147,2;11,1
149,7;11,1
149,6;11,1
152,5;10,0
157,5;10,0
157,2;10,0
159,8;10,0
160,3;10,0
149,1;10,0
164,1;10,0
166,2;10,0
246,2;10,0
245,5;10,0
241,4;10,0
241,3;10,0
249,6;11,1
246,5;11,1
248,7;11,1
247,7;11,1
242,3;12,2
243,0;12,2
241,7;12,2
248,6;12,2
247,3;12,8
242,1;12,8
248,1;12,8
244,6;12,8
249,6;13,3
250,0;13,3
252,2;13,3
250,7;13,3
251,2;13,3
256,1;13,3
254,0;13,3
251,8;13,3
251,5;13,9
253,5;13,9
250,6;13,9
252,8;13,9
252,5;13,9
246,8;13,9
252,7;13,9
248,6;13,9
246,2;13,3
250,1;13,3
249,6;13,3
245,0;13,3
248,2;13,9
252,1;13,9
300,5;13,9
301,2;13,9
304,6;12,2
301,8;12,2
299,4;12,2
296,4;12,2
302,8;11,1
298,5;11,1
295,7;11,1
299,3;11,1
295,4;10,6
289,8;10,6
288,9;10,6
289,4;10,6
276,7;9,4
277,5;9,4
280,4;9,4
279,4;9,4
194,1;8,3
185,9;8,3
148,0;8,3
147,2;8,3
154,9;8,3
156,9;8,3
159,0;8,3
154,2;8,3
159,2;8,3
153,5;8,3
157,6;8,3
161,5;8,3
162,4;7,2
146,5;7,2
157,7;7,2
156,7;7,2
151,4;7,8
159,4;7,8
158,1;7,8
154,6;7,8
149,3;8,9
150,5;8,9
158,4;8,9
152,1;8,9
156,0;9,4
155,9;9,4
161,7;9,4
162,6;9,4
161,2;10,0
161,0;10,0
162,3;10,0
165,5;10,0
163,7;10,6
182,5;10,6
191,1;10,6
182,5;10,6
183,3;10,6
166,3;10,6
166,9;10,6
171,4;10,6
252,9;10,6
255,7;10,6
249,0;10,6
251,0;10,6
252,9;11,7
251,3;11,7
251,2;11,7
248,7;11,7
253,2;12,2
251,1;12,2
253,2;12,2
255,0;12,2
253,8;11,7
250,6;11,7
250,7;11,7
249,2;11,7
252,5;12,2
258,9;12,2
258,7;12,2
255,0;12,2
253,0;12,8
255,1;12,8
251,8;12,8
253,3;12,8
256,3;12,8
256,5;12,8
257,1;12,8
248,7;12,8
250,6;13,3
247,3;13,3
249,7;13,3
248,3;13,3
246,7;13,3
248,5;13,3
250,1;13,3
241,8;13,3
254,4;12,2
245,8;12,2
302,8;12,2
305,6;12,2
302,6;11,1
298,8;11,1
293,2;11,1
294,6;11,1
300,1;10,6
298,3;10,6
301,0;10,6
296,5;10,6
294,3;10,6
293,4;10,6
295,3;10,6
295,6;10,6
297,4;10,6
293,1;10,6
294,6;10,6
296,8;10,6
283,3;11,1
285,1;11,1
285,3;11,1
282,7;11,1
200,3;10,6
199,2;10,6
160,6;10,6
158,1;10,6
157,6;10,6
153,4;10,6
159,2;10,6
158,2;10,6
161,6;10,6
149,2;10,6
143,9;10,6
146,1;10,6
156,1;10,0
156,2;10,0
155,6;10,0
155,2;10,0
149,5;10,0
150,6;10,0
157,3;10,0
158,0;10,0
160,5;9,4
157,1;9,4
161,4;9,4
160,1;9,4
163,8;8,3
158,7;8,3
159,4;8,3
161,5;8,3
162,1;8,3
183,0;8,3
191,8;8,3
180,8;8,3
178,6;8,3
167,7;8,3
167,0;8,3
174,3;8,3
254,8;8,3
249,9;8,3
250,2;8,3
248,2;8,3
252,7;9,4
250,5;9,4
249,6;9,4
255,6;9,4
252,5;10,6
255,5;10,6
256,3;10,6
252,1;10,6
249,0;11,1
257,0;11,1
248,5;11,1
250,0;11,1
249,2;12,2
254,8;12,2
263,2;12,2
257,8;12,2
255,4;12,2
256,6;12,2
257,6;12,2
257,4;12,2
256,7;13,3
262,8;13,3
258,8;13,3
259,0;13,3
255,5;12,8
252,8;12,8
253,6;12,8
249,3;12,8
252,2;12,8
249,8;12,8
253,8;12,8
251,2;12,8
255,2;12,2
252,5;12,2
296,4;12,2
298,4;12,2
298,9;10,6
295,4;10,6
300,2;10,6
304,7;10,6
302,4;10,6
291,6;10,6
294,2;10,6
298,6;10,6
301,6;10,6
291,8;10,6
290,3;10,6
295,8;10,6
294,1;10,0
289,3;10,0
293,2;10,0
284,1;10,0
273,8;8,9
278,0;8,9
281,2;8,9
285,4;8,9
194,0;8,9
193,3;8,9
159,9;8,9
152,9;8,9
158,0;7,8
152,1;7,8
152,3;7,8
156,0;7,8
158,0;7,2
144,9;7,2
137,9;7,2
141,5;7,2
149,5;5,6
156,3;5,6
154,9;5,6
152,9;5,6
147,1;6,1
145,5;6,1
148,0;6,1
158,4;6,1
157,0;6,1
157,0;6,1
156,1;6,1
160,7;6,1
160,3;7,8
152,4;7,8
151,0;7,8
145,7;7,8
163,9;7,8
178,1;7,8
181,0;7,8
185,2;7,8
177,5;6,1
162,6;6,1
169,2;6,1
173,0;6,1
257,6;6,1
258,8;6,1
249,1;6,1
248,8;6,1
257,9;8,9
247,5;8,9
247,9;8,9
255,4;8,9
248,7;11,1
252,9;11,1
253,5;11,1
248,1;11,1
256,5;11,7
254,5;11,7
252,6;11,7
253,3;11,7
256,0;12,8
262,9;12,8
260,7;12,8
248,9;12,8
255,7;13,3
255,7;13,3
257,9;13,3
255,4;13,3
256,0;13,3
254,0;13,3
255,3;13,3
252,5;13,3
261,4;13,9
251,0;13,9
254,7;13,9
247,6;13,9
244,9;12,8
250,8;12,8
246,5;12,8
246,2;12,8
251,6;12,8
247,7;12,8
290,8;12,8
296,0;12,8
294,7;11,1
293,3;11,1
296,6;11,1
296,4;11,1
302,2;11,1
297,5;11,1
300,7;11,1
300,2;11,1
304,0;10,6
297,5;10,6
299,2;10,6
296,5;10,6
294,2;9,4
293,7;9,4
294,0;9,4
293,2;9,4
288,2;9,4
287,0;9,4
284,3;9,4
283,3;9,4
196,5;9,4
189,6;9,4
155,9;9,4
158,5;9,4
157,1;8,9
150,5;8,9
156,0;8,9
158,9;8,9
153,6;7,2
145,6;7,2
148,9;7,2
156,1;7,2
158,2;6,7
158,7;6,7
154,6;6,7
152,6;6,7
148,1;6,7
140,7;6,7
156,0;6,7
156,7;6,7
158,8;6,7
156,9;6,7
159,1;6,7
159,7;6,7
154,8;6,1
152,8;6,1
154,2;6,1
155,2;6,1
162,2;5,6
162,0;5,6
162,7;5,6
167,7;5,6
171,0;5,6
174,2;5,6
167,1;5,6
171,1;5,6
258,4;7,2
253,2;7,2
253,9;7,2
253,1;7,2
260,1;9,4
243,1;9,4
244,8;9,4
251,8;9,4
251,9;10,6
248,8;10,6
255,1;10,6
250,2;10,6
255,1;12,2
255,1;12,2
256,8;12,2
254,4;12,2
254,1;13,3
255,6;13,3
251,8;13,3
254,1;13,3
253,8;12,8
254,0;12,8
256,6;12,8
251,3;12,8
253,0;14,4
255,2;14,4
253,3;14,4
254,6;14,4
254,4;15,6
254,9;15,6
250,5;15,6
248,4;15,6
247,5;14,4
256,2;14,4
248,3;14,4
247,6;14,4
254,4;13,9
258,3;13,9
296,0;13,9
308,3;13,9
301,0;12,2
299,6;12,2
302,4;12,2
299,3;12,2
300,4;13,9
297,0;13,9
301,4;13,9
305,6;13,9
304,8;13,9
298,7;13,9
299,5;13,9
301,9;13,9
295,2;12,8
298,3;12,8
295,2;12,8
294,1;12,8
289,9;12,2
289,9;12,2
290,3;12,2
289,1;12,2
206,5;12,2
202,4;12,2
165,3;12,2
158,0;12,2
158,4;12,2
156,8;12,2
159,3;12,2
161,1;12,2
153,0;11,7
151,5;11,7
154,9;11,7
149,3;11,7
154,8;11,7
157,5;11,7
158,9;11,7
157,3;11,7
154,4;11,1
154,6;11,1
155,5;11,1
157,6;11,1
156,6;11,1
155,4;11,1
158,2;11,1
161,0;11,1
162,1;11,7
170,1;11,7
166,2;11,7
169,1;11,7
169,0;11,1
202,9;11,1
190,7;11,1
187,5;11,1
186,1;11,1
167,4;11,1
176,5;11,1
173,5;11,1
258,9;12,2
256,4;12,2
257,0;12,2
253,2;12,2
265,5;13,3
261,3;13,3
254,8;13,3
260,8;13,3
255,2;13,9
262,3;13,9
258,1;13,9
259,6;13,9
265,4;15,6
257,9;15,6
262,9;15,6
262,4;15,6
266,8;16,7
270,6;16,7
264,8;16,7
261,5;16,7
262,5;16,1
263,6;16,1
264,3;16,1
256,4;16,1
258,6;17,2
267,0;17,2
258,2;17,2
261,2;17,2
267,4;17,2
259,6;17,2
261,2;17,2
258,2;17,2
260,9;17,2
261,3;17,2
256,9;17,2
256,2;17,2
264,3;17,2
259,1;17,2
291,2;17,2
310,1;17,2
300,6;15,6
303,8;15,6
306,7;15,6
307,1;15,6
318,1;15,6
355,1;15,6
313,2;15,6
304,6;15,6
349,7;13,9
332,3;13,9
299,1;13,9
321,9;13,9
346,9;13,3
301,1;13,3
300,7;13,3
327,8;13,3
305,7;12,2
287,9;12,2
310,2;12,2
288,8;12,2
207,4;12,8
208,9;12,8
168,7;12,8
164,6;12,8
158,7;12,2
159,1;12,2
162,6;12,2
162,3;12,2
158,8;12,8
151,1;12,8
152,8;12,8
155,8;12,8
156,9;12,8
155,7;12,8
152,2;12,8
153,7;12,8
149,7;11,1
149,6;11,1
152,0;11,1
157,2;11,1
151,7;10,0
154,6;10,0
153,4;10,0
154,9;10,0
157,6;10,0
154,9;10,0
156,1;10,0
162,0;10,0
164,8;10,0
172,6;10,0
172,1;10,0
166,8;10,0
162,5;10,6
170,9;10,6
166,4;10,6
173,5;10,6
252,9;11,1
241,3;11,1
244,3;11,1
241,4;11,1
251,8;11,7
247,1;11,7
248,1;11,7
242,9;11,7
243,1;13,3
248,7;13,3
247,4;13,3
256,0;13,3
252,3;13,9
254,8;13,9
249,0;13,9
250,5;13,9
257,1;15,0
261,7;15,0
256,6;15,0
257,5;15,0
257,5;16,7
255,6;16,7
260,9;16,7
254,4;16,7
254,8;17,2
262,4;17,2
267,0;17,2
282,3;17,2
318,4;17,8
267,9;17,8
265,7;17,8
323,9;17,8
282,3;17,2
272,2;17,2
306,7;17,2
254,0;17,2
258,3;15,0
257,6;15,0
287,8;15,0
303,0;15,0
305,3;13,9
304,9;13,9
308,4;13,9
302,6;13,9
308,1;13,9
304,8;13,9
301,9;13,9
302,6;13,9
304,7;12,8
305,7;12,8
312,7;12,8
325,9;12,8
300,0;12,2
304,8;12,2
302,5;12,2
292,2;12,2
290,6;12,2
283,7;12,2
281,0;12,2
283,0;12,2
196,0;11,1
196,3;11,1
162,9;11,1
156,9;11,1
160,4;11,1
155,0;11,1
153,9;11,1
150,9;11,1
149,2;11,1
145,9;11,1
141,6;11,1
143,5;11,1
142,8;10,0
148,5;10,0
146,4;10,0
149,8;10,0
150,1;8,9
155,2;8,9
157,7;8,9
157,6;8,9
158,2;8,3
157,8;8,3
153,0;8,3
149,9;8,3
152,6;7,8
152,6;7,8
154,4;7,8
154,3;7,8
156,8;9,4
169,7;9,4
160,6;9,4
169,2;9,4
171,2;9,4
155,6;9,4
155,6;9,4
164,3;9,4
242,9;9,4
250,0;9,4
244,7;9,4
239,9;9,4
249,1;10,0
239,7;10,0
240,2;10,0
240,5;10,0
242,7;10,6
245,5;10,6
242,2;10,6
249,5;10,6
244,3;10,6
242,7;10,6
247,0;10,6
246,0;10,6
246,7;11,1
249,9;11,1
251,0;11,1
245,3;11,1
247,6;11,7
252,7;11,7
250,6;11,7
249,5;11,7
255,9;12,8
253,2;12,8
257,6;12,8
260,0;12,8
267,0;14,4
311,0;14,4
262,2;14,4
254,9;14,4
250,0;15,6
311,1;15,6
277,9;15,6
252,2;15,6
281,1;13,9
279,4;13,9
279,0;13,9
307,5;13,9
305,1;13,3
340,4;13,3
312,1;13,3
308,0;13,3
341,7;13,3
308,7;13,3
302,7;13,3
327,5;13,3
308,6;12,8
299,0;12,8
302,0;12,8
307,7;12,8
281,3;11,7
276,0;11,7
274,5;11,7
273,9;11,7
194,5;11,7
192,0;11,7
160,2;11,7
157,1;11,7
154,0;10,0
160,1;10,0
157,9;10,0
154,8;10,0
154,0;10,0
150,4;10,0
152,2;10,0
159,6;10,0
160,0;9,4
156,6;9,4
154,7;9,4
159,9;9,4
159,1;8,3
163,0;8,3
157,0;8,3
159,6;8,3
157,3;7,8
155,1;7,8
159,3;7,8
160,2;7,8
162,0;7,8
157,9;7,8
162,7;7,8
159,7;7,8
162,7;7,8
163,4;7,8
166,6;7,8
158,2;7,8
163,4;8,3
172,1;8,3
169,2;8,3
164,1;8,3
168,2;8,9
159,1;8,9
167,3;8,9
170,0;8,9
249,0;9,4
250,1;9,4
248,5;9,4
248,4;9,4
249,0;10,0
246,2;10,0
249,1;10,0
248,2;10,0
251,3;11,1
247,1;11,1
246,4;11,1
241,4;11,1
245,8;14,4
246,1;14,4
247,4;14,4
246,0;14,4
250,1;15,6
250,8;15,6
251,6;15,6
253,3;15,6
257,9;17,2
252,0;17,2
261,7;17,2
249,3;17,2
255,8;18,9
256,8;18,9
284,5;18,9
304,2;18,9
247,2;19,4
286,5;19,4
292,5;19,4
252,0;19,4
254,1;17,8
252,4;17,8
282,4;17,8
279,6;17,8
259,1;15,6
289,3;15,6
269,8;15,6
314,0;15,6
330,3;14,4
294,9;14,4
324,9;14,4
311,4;14,4
295,7;13,9
325,9;13,9
301,6;13,9
299,8;13,9
316,2;12,8
289,0;12,8
296,5;12,8
304,0;12,8
297,1;11,7
302,7;11,7
295,4;11,7
293,1;11,7
291,2;11,7
289,6;11,7
284,7;11,7
283,9;11,7
211,9;12,2
203,8;12,2
167,2;12,2
162,0;12,2
156,6;10,6
158,3;10,6
155,1;10,6
167,8;10,6
164,7;11,7
158,3;11,7
151,3;11,7
143,9;11,7
153,9;11,7
155,9;11,7
154,9;11,7
154,3;11,7
149,0;11,7
148,8;11,7
157,9;11,7
161,9;11,7
155,9;11,1
151,5;11,1
153,4;11,1
158,6;11,1
157,9;11,1
154,8;11,1
156,3;11,1
159,4;11,1
162,9;10,6
165,4;10,6
167,7;10,6
189,3;10,6
174,4;10,6
161,5;10,6
159,0;10,6
163,1;10,6
233,8;10,6
232,1;10,6
235,1;10,6
225,6;10,6
231,3;11,1
232,6;11,1
231,2;11,1
234,9;11,1
233,7;11,7
246,8;11,7
262,0;11,7
268,0;11,7
269,2;13,3
264,5;13,3
267,6;13,3
277,5;13,3
293,8;13,9
257,2;13,9
292,0;13,9
291,9;13,9
268,3;16,1
270,8;16,1
285,6;16,1
276,6;16,1
279,0;17,2
286,0;17,2
264,4;17,2
295,8;17,2
295,4;18,3
247,0;18,3
263,3;18,3
269,8;18,3
271,9;17,8
297,2;17,8
258,0;17,8
269,3;17,8
272,3;17,2
249,1;17,2
304,0;17,2
316,0;17,2
299,2;15,6
334,1;15,6
308,1;15,6
305,9;15,6
330,9;15,0
292,4;15,0
317,3;15,0
316,0;15,0
296,0;12,8
325,9;12,8
308,7;12,8
290,6;12,8
304,9;11,7
299,2;11,7
297,9;11,7
292,7;11,7
270,6;11,7
265,4;11,7
270,9;11,7
276,2;11,7
192,7;11,7
187,1;11,7
149,5;11,7
150,9;11,7
151,9;11,1
144,1;11,1
150,7;11,1
154,9;11,1
156,0;10,6
155,3;10,6
157,8;10,6
160,2;10,6
162,3;10,0
152,5;10,0
170,4;10,0
164,5;10,0
159,4;10,0
150,2;10,0
153,6;10,0
157,5;10,0
155,1;10,0
150,8;10,0
151,5;10,0
153,2;10,0
152,9;10,6
153,1;10,6
154,9;10,6
160,6;10,6
156,0;11,1
162,4;11,1
182,1;11,1
178,5;11,1
181,5;10,6
175,1;10,6
171,0;10,6
176,3;10,6
252,8;10,0
249,6;10,0
242,1;10,0
244,0;10,0
247,1;10,6
240,7;10,6
250,7;10,6
246,4;10,6
256,7;10,6
268,4;10,6
270,2;10,6
261,2;10,6
267,9;12,2
256,6;12,2
250,1;12,2
268,7;12,2
286,4;14,4
281,2;14,4
251,8;14,4
289,6;14,4
294,7;15,6
263,6;15,6
300,3;15,6
289,2;15,6
287,5;17,2
277,7;17,2
253,8;17,2
288,6;17,2
309,1;18,3
293,2;18,3
287,0;18,3
264,1;18,3
282,7;18,3
283,4;18,3
279,1;18,3
277,8;18,3
260,6;17,8
257,0;17,8
295,2;17,8
328,9;17,8
296,2;15,6
332,4;15,6
323,8;15,6
311,4;15,6
315,0;15,6
327,8;15,6
326,2;15,6
316,1;15,6
299,9;15,0
336,4;15,0
324,7;15,0
302,3;15,0
321,9;15,0
305,4;15,0
299,8;15,0
294,3;15,0
283,7;13,9
285,5;13,9
288,2;13,9
295,2;13,9
205,4;12,8
200,0;12,8
145,3;12,8
;12,8
;12,2
;12,2
;12,2
;12,2
;11,7
;11,7
;11,7
;11,7
;11,1
;11,1
;11,1
;11,1
;10,0
;10,0
;10,0
;10,0
;9,4
;9,4
;9,4
;9,4
;9,4
;9,4
;9,4
;9,4
;10,0
;10,0
;10,0
;10,0
;10,6
;10,6
;10,6
;10,6
;10,6
;10,6
;10,6
;10,6
;11,7
;11,7
;11,7
;11,7
;11,7
;11,7
;11,7
;11,7
;12,2
;12,2
;12,2
;12,2
;12,2
;12,2
;12,2
;12,2
;13,3
;13,3
;13,3
;13,3
;13,3
;13,3
;13,3
;13,3
;13,3
;13,3
;13,3
;13,3
;13,3
;13,3
;13,3
;13,3
;12,8
;12,8
;12,8
;12,8
;12,8
;12,8
;12,8
;12,8
;12,8
;12,8
;12,8
;12,8
;12,2
;12,2
;12,2
;12,2
;12,2
;12,2
;12,2
;12,2
;11,7
;11,7
;11,7
;11,7
;11,1
;11,1
;11,1
